id;uuid;name;hl_7_abbreviation;description
1;871d4cb0-ff6f-4dcb-b01a-a292b0788ce5;Principal leverage navigating;Function-based payment;calculate Credit Card Account
2;f90d095e-67b5-41ba-81cc-fef46c071a6d;Kwanza;Buckinghamshire Lane;Electronics Avon Egyptian Pound
3;b9e620fa-1cca-4025-8286-83d6cb686e29;Incredible Berkshire;Greens SCSI;Home Loan Account utilisation
4;fac15359-b391-401c-913f-5d0bf3769cd1;Hills;copy;directional 3rd generation
5;9f2a3184-b6dd-479c-9545-7ffbf843ae28;Movies Assistant;Norwegian Krone;architectures Dale
6;7043b59d-0247-40af-997b-11e26dcbf742;Berkshire Jordan Tuna;platforms;input Function-based Handcrafted
7;5de5a743-c534-4346-9718-be14a4b02dd1;white Advanced;pixel;Keyboard
8;a1991bbb-8ec9-4923-ad91-70660cd65d64;Washington Directives back up;Engineer;turquoise Exclusive composite
9;d71fc4cf-965a-4b20-9a6e-e10b427e9beb;Moldova Intelligent;bus Metrics;maroon Missouri
10;675ba80f-ec0b-4cc1-8b25-35091013fbec;Handcrafted Frozen Table;National fuchsia French Southern Territories;generating
