id;uuid;tag;description
1;26823588-cc19-4684-889f-4068dcceacb4;calculating composite;Associate
2;d992ab39-ff97-4299-9553-b700ca64664b;vertical Architect National;Ergonomic Plastic Towels
3;d37b6024-b9f9-4c40-9bc4-8e558c45feaa;Berkshire Granite Planner;integrated Savings Account
4;d15e8e9a-7ac0-4a8a-9720-b99bbe97ffff;program;web-readiness primary
5;68a783dd-a3b9-4452-a623-666e52f6e859;Refined;Sharable program navigating
6;2c057102-a686-4376-9410-e8c7f76f44f7;metrics;Bike Hat
7;4b739632-7b82-49b7-8a66-6698568771b6;Rubber;backing up
8;2ff043df-81d4-402e-a54a-884b947f9b46;Handmade Avon;Bouvet Island (Bouvetoya) Cambridgeshire e-commerce
9;cc7b9d3d-ee57-4d6b-9f1d-de78b6d4e503;Florida Direct;service-desk Rubber multi-byte
10;c44e83ba-cf01-44ae-8edb-20dc8505b656;connect;Practical Plastic Pants Freeway feed
