id;uuid;name;code;version;description
1;08523c2c-d9e0-4eb9-860d-d5a061a2cc74;Computer Pa'anga;AGP silver deliverables;Montana parsing Flats;encompassing Practical Steel Keyboard auxiliary
2;18e649b2-5b3d-47b1-9963-c522c673f6f5;generating;Internal Singapore Connecticut;Ways Cambridgeshire bypass;Indiana
3;5e31653b-8c15-42c8-a8cf-f12e1cb8877b;CSS wireless;interactive Central deposit;feed;calculating
4;c89cb949-6340-40bf-8f1a-072927fecf49;Heights;Music Liaison;Devolved Utah Small;Identity Stream Refined Cotton Keyboard
5;0f70acca-2940-42ec-bd6e-817958ddca03;programming parse Handmade;Prairie parse;optimize;upward-trending clear-thinking
6;58ec6841-1792-4009-abf8-2a2798737024;program;violet;Kwacha array;purple Mobility
7;14589c90-8de4-47b6-9f22-adfb07dc9e56;bifurcated;Rand Loti;circuit Sleek Wooden Shirt Wisconsin;Unbranded Gorgeous
8;f4332f8b-05d8-448d-8da2-72cd8ce259c4;e-services concept;parsing;payment;Handmade back up Borders
9;0a9df134-7259-470a-ae6d-cf967ff68fd0;alarm;Western Sahara Small Saint Helena Pound;payment;Fantastic Wooden Fish
10;62a65d02-3943-4baf-8207-6598917b1a42;sensor Unbranded Rubber Gloves Inlet;Ohio calculating generate;Supervisor zero tolerance Legacy;Salad Shoes Orchestrator
