id;uuid;name;description
1;9ea161cd-14ad-4a07-99c6-3bb26946093a;Practical Investment Account Gorgeous Steel Sausages;stable
2;b4b683e4-fb94-48b7-8895-80431e677ca8;multi-byte Program platforms;Pennsylvania models frictionless
3;cbab9d89-46ef-4765-a27d-c9aae3be4af7;back up Computer Functionality;Salad Specialist
4;47fa45a0-c272-4d59-8fcb-7300d7ed8ae8;Integrated Integrated;Senior intermediate
5;3b4bb3f6-6d02-4cb9-9b15-d7fd7a86a52f;payment calculate Rustic;matrix transmitter
6;eccfda44-5a72-4568-8703-ee367ddab6aa;Outdoors Sleek;Bulgaria Home Loan Account Anguilla
7;2cf3d450-5935-4341-95fd-669e91025a83;superstructure Division;Vermont Practical Granite Table
8;c18336a2-7b29-4c40-bf44-26707f503c20;Clothing Generic Steel Computer payment;COM
9;30b73fe5-ef54-420c-8c70-941c38239443;Handmade Auto Loan Account executive;Saint Vincent and the Grenadines FTP Nevada
10;0c52a373-1bd7-4b01-9338-13974f83f23b;online revolutionary;maroon hack
