id;uuid;name;version;build;published;description;encounter_type;template;xslt
1;51d9f323-d6a3-488e-9839-13c142ee8237;Orchestrator Fantastic;Colorado;46166;true;SCSI;af5c7fe1-f6ff-47cf-8860-078ff243a6ee;Handcrafted;withdrawal calculate
2;e71745a3-aaaa-4752-9070-9e7d84814907;Mouse dynamic;Credit Card Account Sports;63664;false;Tasty Rue;7e2e1db1-decc-4c79-b19c-641d527c55a9;Music circuit;payment
3;cfb8ecb3-1fd9-430c-ba8e-57cf0d97bd67;Practical;Internal;40056;false;Ethiopia Hill;c7e78e76-a77b-46ff-aea4-49890401a1ea;Avon;Shoes
4;20199478-338e-4d28-a1e1-f6bbb81e1472;technologies;Cambridgeshire neutral ADP;81102;true;coherent De-engineered;507651f1-2d84-4c18-9614-cda98c11f391;experiences integrated;website CSS
5;88b8035a-9e62-42f0-9e23-7cb69a678f74;Rustic Metal Soap Rustic Steel Mouse;invoice sensor mint green;49072;true;transform Communications Pants;2914945a-37f5-4c4d-b22d-0ed0ddb40d16;reintermediate;Philippine Peso Rubber composite
6;08239085-8930-41b7-9d0e-7eea2297c6b0;index;Tools EXE Louisiana;97341;true;wireless;f79f9fdb-7c12-44e8-95af-1134dd130aa6;Gorgeous Wooden Pants generating Human;Sleek Granite Chips
7;228c5b6f-8c6b-4b6e-a20d-e20903981fa8;compelling payment;Synergized Venezuela;47226;false;Chair;bc5058bd-e585-4d65-9587-f5020d3636f8;Mouse Belize Licensed Wooden Ball;Intuitive
8;7249d871-faa7-44f0-b942-a99683c0870c;Specialist innovate Incredible Concrete Mouse;SDD;32918;false;Fresh Borders Bedfordshire;32f88c30-5ce9-432d-a874-59a82878512d;national application Tuna;holistic Money Market Account
9;b1ecacab-d94c-4999-ad0b-8119b602146c;Associate;Direct Chief clear-thinking;80073;false;Automotive matrix web-readiness;38898c09-a033-44d3-bbd6-2faac42a579a;Soft;Creek
10;db30510c-33f5-4370-9937-3b4f918064d5;dot-com;Markets Fantastic Soft Keyboard real-time;55988;false;methodologies;cfeaccc7-7212-41d9-b3ae-263d86d57996;Division;cross-platform Borders approach
